Barcode,Name,,Price
732494000524,CRETORS CHEESE & CARAMEL MIX POP CORN 213G,,19.17
732494000609,CRETORS CHEDDAR CHEESE POP CORN 185G,,19.17
732494000500,CRETORS CARAMEL POP CORN 227G,,19.17
732494002320,CRETORS FOUR CHEESE MIX POP CORN 142G,,19.17
850029023609,LESSER EVIL HIMALAYAN PINK SALT POP CORN 130G,,18.00
850029023616,LESSER EVIL HIMALAYAN GOLD POP CORN 130G,,18.00
850029023623,"LESSER EVIL ""NO CHEESE"" CHEESINESS POP CORN 130G",,18.00
180999001506,LESSER EVIL AVOCADO LICIOUS POP CORN 130G,,18.00
850029023630,LESSER EVIL HIMALAYAN PINK SALT PALEO PUFFS  113G,,15.00
850029023647,"LESSER EVIL ""NO CHEESE"" CHEESINESS PALEO PUFFS 113G",,15.00
850029023654,LESSER EVIL FIERY HOT! PALEO PUFFS  113G,,15.00
079927081119,UNIQUE ORGANIC SPROUTED SHELLS 226G,,15.67
079927080112,UNIQUE ORGANIC SPROUTED SPLITS 226G,,15.67
079927110413,UNIQUE MULTIGRAIN SPLITS 312G,,15.00
079927110116,UNIQUE ORIGINAL SPLITS 312G,,15.00
079927110109,UNIQUE UNSALTED SPLITS 312G,,15.00
810165014435,YUM EARTH ORGANIC FRUIT POPS 248G ,,29.67
810165010260,YUM EARTH ORGANIC SOUR POPS 14PCS  87G,,11.50
810165010246,YUM EARTH ORGANIC FRUIT POPS 14 PCS 87G,,11.50
810165011687,YUM EARTH ORGANIC STRAWBERRY POPS 14PCS 87G,,11.50
810165011953,YUM EARTH ORGANIC FRUIT POPS VITAMIN C 14PCS 87G,,11.50
810165019584,YUM EARTH ORGANIC FRUIT SNACK 198G,,20.17
810165010284,YUM EARTH ORGANIC FRUIT SNACK 50G,,6.33
810165013735,YUM EARTH ORGANIC GUMMY BEARS 50G ,,6.33
810165010277,YUM EARTH ORGANIC SOUR BEANS 50G,,6.33
3800232739771,BETT'R WHOLEGRAIN SEED CRACKERS WITH COCONUT OIL 150G,,9.00
3800232738927,BETT'R SALTED CARAMEL POPCORN 60G,,9.00
3800232738910,BETT'R SALTED POPCORN 60G,,9.00
3800232733458,BETT'R COCONUT CHIPS FRENCH SEA SALT 70G,,9.97
3800232739108,BETT'R COCONUT CHIPS FINE PERUVIAN CACAO 70G,,9.97
3800233687163,BETT'R APPLE CHIPS 50G,,10.33
3800233683288,BETT'R OAT SALTED STICKS SEA SALT 50G,,6.10
3800233683295,BETT'R OAT SALTED STICKS TURMERIC 50G,,6.10
3800233683301,BETT'R OAT SALTED STICKS BASIL & OREGANO 50G,,6.10
3800233687057,BETT'R PANCAKE MIX 400G,,17.00
3800233687040,BETT'R BROWNIE MIX 400G,,17.00
3800233780406,BETT'R INSTANT HUMMUS MIX 200G,,11.33
3800233780802,BETT'R V-PARMEZAN 150G,,22.00
3800233780642,BETT'R CAROB PUDDING MIX 200G,,14.33
3800233780659,BETT'R CHOCOLATE PUDDING MIX 200G,,14.33
3800233780673,BETT'R VANILLA PUDDING MIX 150G,,14.33
3800233780666,BETT'R STRAWBERRY PUDDING MIX 150G,,14.33
0852386008466,GOLI APPLE CIDER VINEGAR GUMMIES 60PCS/286G,,66.00
055840400381,GOLI APPLE CIDER VINEGAR GUMMIES 30PCS,,36.67
628176357225,GOLI ASHWAGANDHA GUMMIES 60PCS/264G,,70.00
055840402569,GOLI IMMUNE GUMMIES 60PCS/240G,,70.00
055840402545,GOLI KIDS MULTI GUMMIES 80PCS/240G,,70.00
055840402552,GOLI WOMEN'S COMPLETE MULTI GUMMIES 60PCS/240G,,70.00
628176357744,IMMUNETI ADVANCED IMMUNE DEFENSE,,66.00
3800232733830,DRAGON SUPERFOODS ACAI BERRY POWDER FREEZE DRY 75G,,48.33
3800225477512,DRAGON SUPERFOODS CAROB POWDER 200G,,15.00
3800232735957,DRAGON SUPERFOODS CURCUMA/TURMERIC POWDER 150G,,18.00
3800225473439,DRAGON SUPERFOODS SPIRULINA POWDER 200G,,36.33
3800225479646,DRAGON SUPERFOODS WHEAT GRASS POWDER 150G,,26.33
3800225479622,DRAGON SUPERFOODS BARLEY GRASS POWDER 150G,,28.67
3800225476843,DRAGON SUPERFOODS MACA POWDER RAW 200G,,25.83
3800225476188,DRAGON SUPERFOODS MATCHA POWDER GRADE A 100G,,46.33
3800225476935,DRAGON SUPERFOODS CHLORELLA POWDER 200G,,53.77
3800232730983,DRAGON SUPERFOODS MORINGA POWDER 200G,,39.67
3800232731027,DRAGON SUPERFOODS PSYLLIUM HUSK POWDER 150G,,26.33
3800225474436,DRAGON SUPERFOODS NUTRITIONAL YEAST FLAKE 100G,,26.33
3800225475693,DRAGON SUPERFOODS REISHI POWDER 100G,,47.67
3800233687170,DRAGON SUPERFOODS CEYLON CINNAMON POWDER 150G,,31.31
3800233780345,DRAGON SUPERFOODS BLUE SPIRULINA POWDER 75G,,121.93
3800233686906,DRAGON SUPERFOODS GINGER POWDER 200G,,26.33
3800233688221,DRAGON SUPERFOODS DATE POWDER 250G,,19.67
3800233685510,DRAGON SUPERFOODS IN SHAPE MIX 200G,,39.00
3800233685497,DRAGON SUPERFOODS IMMUNITY MIX 150G,,46.00
3800232730198,DRAGON SUPERFOODS SPIRULINA TABLETS 80GM,,33.93
3800233780352,DRAGON SUPERFOODS BLUE SPIRULINA TABLETS 50GM,,108.33
3800232730204,DRAGON SUPERFOODS CHLORELLA TABLETS 80GM,,43.93
3800225474207,DRAGON SUPERFOODS PEA PROTEIN 80% PROTEIN 200G,,23.80
3800225474412,DRAGON SUPERFOODS ALMOND PROTEIN 47.5% PROTEIN 200G,,39.00
3800225478939,DRAGON SUPERFOODS CHIA PROTEIN 36% PROTEIN 200G,,33.00
3800225479936,DRAGON SUPERFOODS PUMPKIN SEEDS PROTEIN 200G,,22.83
3800225475587,DRAGON SUPERFOODS RICE PROTEIN 83% PROTEIN 200G,,23.67
3800225476836,DRAGON SUPERFOODS CACAO POWDER CRIOLLO RAW 200G,,20.33
3800225476034,DRAGON SUPERFOODS CACAO NIBS CRIOLLO RAW 200G,,21.93
3800225476027,DRAGON SUPERFOODS CACAO BEANS CRIOLLO RAW 200G,,21.93
3800225478885,DRAGON SUPERFOODS COCONUT SUGAR 250G,,15.93
3800225478908,DRAGON SUPERFOODS RAINFOREST SUGAR 250G,,18.00
3800233688610,DRAGON SUPERFOODS CHOCO DROPS DARK 200G,,24.31
3800233688603,DRAGON SUPERFOODS CHOCO DROPS MYLKY 200G,,24.31
3800233688597,DRAGON SUPERFOODS CHOCO DROPS WHITE 200G,,24.31
3800233780321,DRAGON SUPERFOOD CHOCO DROPS PINK 200G,,24.31
3800233780338,DRAGON SUPERFOODS CHOCO DROPS WITH ERYTHRITOL 200G,,24.31
3800232730945,DRAGON SUPERFOODS COCONUT FLOUR 200G,,12.53
3800233685459,DRAGON SUPERFOODS HAZELNUT FLOUR 200G,,16.33
3800233685466,DRAGON SUPERFOODS PEANUT FLOUR 200G,,16.33
3800233685473,DRAGON SUPERFOODS WALNUT FLOUR 200G,,16.33
3800233687385,DRAGON SUPERFOODS ALMOND FLOUR 200G,,30.50
3800233687125,DRAGON SUPERFOODS TAPIOCA FLOUR 200G,,12.83
3800225474962,DRAGON SUPERFOOD FLAX SEEDS FLOUR 200G,,10.33
3800233686890,DRAGON SUPERFOOD CHICKPEA FLOUR 200G,,10.33
3800233780024,DRAGON SUPERFOOD SESAME FLOUR 200G,,14.33
3800233687354,DRAGON SUPERFOOD SUNFLOWER FLOUR 200G,,12.33
3800232733465,DRAGON SUPERFOODS QUINOA WHITE 500G,,23.67
3800233689556,"DRAGON SUPER TRICOLOR QUINOA (WHITE, BLACK & RED MIXED) 300G",,19.00
3800225476010,DRAGON SUPERFOODS BLACK CHIA SEEDS 200G,,12.67
3800232739115,DRAGON SUPERFOODS FLAX SEEDS CRUSHED 250G,,17.33
3800225476355,DRAGON SUPERFOODS GOJI BERRIES 100G,,19.53
3800225470766,DRAGON SUPERFOODS PINK HIMALAYAN SALT FINE 500G,,11.90
3800225470780,DRAGON SUPERFOODS PINK HIMALAYAN SALT COARSE 500G,,11.90
3800225473125,DRAGON SUPERFOODS BLACK HIMALAYAN SALT FINE 250G,,11.00
3800225476911,DRAGON SUPERFOODS PURE FRENCH SEA SALT FINE 500G,,16.33
3800225476478,DRAGON SUPERFOODS PURE FRENCH SEA SALT COARSE 500G,,13.17
3800225479004,DRAGON SUPERFOODS GREEN COFFEE DECAF 200G,,37.00
3800225475174,DRAGON SUPERFOODS GREEN COFFEE CLASSIC (WITH CAFFEINE) 200G,,37.00
5949075700420,DRAGON SUPERFOODS CAFE PLUS INSTANT COFFEE 100G,,22.07
3800225473316,DRAGON SUPERFOODS COCONUT DESICCATED 200G,,12.33
3800233682649,DRAGON SUPERFOODS COCONUT MYLK 17% FAT 150G,,25.50
3800225474764,DRAGON SUPERFOODS COCONUT OIL 1000ML,,53.00
5201671001524,GAEA KALAMATA OLIVES IN BRINE 300G,,12.67
5201671800844,GAEA PITTED KALAMATA OLIVES IN BRINE 290G,,14.93
5201671800851,GAEA PITTED GREEN OLIVES IN BRINE 290G,,11.67
5201671001517,GAEA GREEN OLIVES IN BRINE 300G,,11.00
5201671001500,GAEA MIXED MARINATED OLIVES IN BRINE 300G,,11.67
5201671801193,GAEA GARLIC STUFFED GREEN OLIVES 295G,,15.67
5201671800899,GAEA GREEN OLIVES STUFFED WITH NATURAL PIMENTO 295G,,15.67
5201671802503,GAEA WHOLE GREEN OLIVES 150GR,,10.67
5201671802497,GAEA WHOLE KALAMATA OLIVES 150G,,12.67
5201671803685,GAEA PITTED GREEN OLIVES 65G,,7.67
5201671803678,GAEA PITTED KALAMATA OLIVES 65G,,8.57
5201671001548,GAEA EXTRA VIRGIN OLIVE OIL GLASS 500ML,,31.83
5201671803845,GAEA PLANET EXTRA VIRGIN OLIVE OIL 500ML,,39.33
5287001519044,MAZAK OLIVE OIL ULTRA PREMIUM 750ML,,58.50
5287001519020,MAZAK OLIVE OIL ULTRA PREMIUM 250ML,,28.33
8003407261168,DETO* ORGANIC APPLE CIDER VINEGAR WITH THE MOTHER 500ML,,13.00
8003407212030,DETO* ORGANIC BALSAMIC VINEGAR OF MODENA 500ML,,15.00
8003407212016,DETO* ORGANIC WHITE GRAPE VINEGAR WITH THE MOTHER 500ML,,13.30
8003407212023,DETO* ORGANIC RED GRAPE VINEGAR WITH THE MOTHER 500ML,,13.30
8003407156181,DETO* ORGANIC POMEGRANATE VINEGAR WITH THE MOTHER 500ML ,,14.33
6221078762247,IMTENAN GINGER 70G,,14.00
6221078762230,IMTENAN THYME 35G,,9.00
6221078762254,IMTENAN CINNAMON 85G,,17.67
6221078762223,IMTENAN CUMIN 80G,,14.00
6221078762278,IMTENAN MARJORAM 15G,,7.00
6221078762193,IMTENAN BLACK SEED 100G,,12.83
6221078762209,IMTENAN FLAX SEED 100G,,6.83
6221078762773,IMTENAN TURMERIC 100G,,10.00
6221078762261,IMTENAN PEPPERMINT 25G,,6.83
6221078762322,IMTENAN ONION SLICES 75G,,10.00
6221078762339,IMTENAN GARLIC POWDER 100G,,13.00
6221078762346,IMTENAN CORIANDER SEEDS 70G,,10.00
845561001192,LOMA LINDA SLOPPY JOE 285G,,16.33
845561001178,LOMA LINDA TACO FILLING 285G,,16.33
845561005039,LOMA LINDA ULTIMATE VEGETARIAN CHILI 285G,,16.33
845561001307,LOMA LINDA PAD THAI WITH KONJAC NOODLES 285G,,16.33
845561001499,LOMA LINDA THAI GREEN CURRY 285G,,16.33
845561001765,LOMA LINDA THAI RED CURRY 285G,,16.33
845561001758,LOMA LINDA TIKKA MASALA 285G,,16.33
845561003356,LOMA LINDA TUNO LEMON PEPPER 142G,,10.17
845561003400,LOMA LINDA TUNO SPRING WATER 142G,,10.17
845561005541,LOMA LINDA TUNO THAI SWEET CHILI 142G,,10.17
8032454080866,SOTTOLESTELLE ACACIA HONEY 280G,,33.00
8032454080880,SOTTOLESTELLE WILDFLOWER HONEY 280G,,29.00
8032454080897,SOTTOLESTELLE EUCALYPTUS HONEY 280G,,32.33
8032454000574,SOTTOLESTELLE BIOVEG. CLASSIC MAYO 240ML,,14.33
8032454000604,SOTTOLESTELLE VEGETABLE BROTH 100G,,8.00
8032454080378,SOTTOLESTELLE DRY TOMATOES 100G,,16.33
8032454001021,SOTTOLESTELLE CHOPPED TOMATO 400G,,6.50
8032454001038,SOTTOLESTELLE PEALED TOMATO 400G,,6.50
8032454071512,SOTTOLESTELLE PINK HIMALAYAN SALT COARSE 1000G,,14.67
8032454071505,SOTTOLESTELLE PINK HIMALAYAN SALT COARSE 500G,,10.33
8032454071499,SOTTOLESTELLE PINK HIMALAYAN SALT FINE 1000G,,14.67
8032454071482,SOTTOLESTELLE PINK HIMALAYAN SALT FINE 500G,,10.33
770009260018,IYC RECYCLED ALUMINIUM FOIL 10M,,12.50
770009250200,IYC EXTRA STRONG RECYCLED ALUMINIUM  FOIL 7M,,15.63
770009010200,IYC FSC CERTIFIED PARCHMENT BAKING PAPER ROLLS 70SQ FT,,17.67
770009011924,IYC FSC CERTIFIED PARCHMENT BAKING PAPER SHEETS 24CT,,14.33
770009250248,IYC FSC CERTIFIED SUB/MINI BAGUETTE SANDWICH BAGS 30PCS,,17.30
770009250262,IYC SANDWICH BAGS 48PCS,,17.00
770009250736,IYC NON STICK PARCHMENT ROASTING BAGS 6P,,22.33
770009010484,IYC FSC CERTIFIED LARGE BAKING CUPS 60PCS,,8.33
770009250187,IYC FSC CERTIFIED MINI BAKING CUPS 90PCS,,7.67
770009250194,IYC FSC CERTIFIED JUMBO BAKING CUPS 24PCS,,8.83
770009250613,IYC 100% NATURAL SPONGE CLOTHS 5PCS,,16.63
770009250279,IYC FSC CERTIFIED FAIR RUBBER LATEX HOUSEHOLD GLOVES SMALL,,17.67
770009250286,IYC FSC CERTIFIED FAIR RUBBER LATEX HOUSEHOLD GLOVES MEDIUM,,17.67
770009250293,IYC FSC CERTIFIED FAIR RUBBER LATEX HOUSEHOLD GLOVES LARGE,,17.67
770009250330,IYC FSC CERTIFIED FIRELIGHTERS BAG 72PCS,,13.23
770009250347,IYC FSC CERTIFIED FIRELIGHTERS TABLET 28PCS,,7.00